"","2016/2017","2016/2017","2016/2017","2017/2018","2017/2018","2017/2018","2018/2019","2018/2019","2018/2019","2019/2020","2019/2020","2019/2020","2020/2021","2020/2021","2020/2021","2021/2022","2021/2022","2021/2022","2022/2023","2022/2023","2022/2023","2023/2024","2023/2024","2023/2024","2024/2025","2024/2025","2024/2025","2025/2026","2025/2026","2025/2026"
"","Females","Males","Total","Females","Males","Total","Females","Males","Total","Females","Males","Total","Females","Males","Total","Females","Males","Total","Females","Males","Total","Females","Males","Total","Females","Males","Total","Females","Males","Total"
"Total","201.3 (193-212)","224.1 (214-236)","425.4 (412-441)","208.5 (201-216)","207.2 (201-214)","415.7 (406-426)","176.9 (167-189)","195.4 (184-211)","372.3 (356-391)","209.4 (204-216)","230.9 (225-239)","440.3 (432-450)","207.3 (199-217)","245.6 (234-258)","452.8 (439-468)","234.4 (226-245)","277 (265-292)","511.5 (496-529)","240.3 (230-253)","247.3 (237-260)","487.7 (473-504)","223.6 (210-240)","220.7 (212-231)","444.3 (428-463)","194.5 (184-208)","204.8 (197-214)","399.3 (386-416)","215.7 (198-238)","209.6 (196-225)","425.3 (402-453)"
"Norway","46.7 (41-53)","44.2 (37-52)","90.9 (82-101)","51.4 (46-58)","45.1 (40-51)","96.6 (89-105)","34.4 (29-40)","46.6 (42-52)","81 (74-88)","42.5 (37-49)","44.9 (40-51)","87.4 (79-96)","37.7 (33-44)","53.5 (47-60)","91.2 (83-100)","46.9 (40-55)","49.9 (44-56)","96.8 (87-107)","37.6 (31-45)","28.7 (24-35)","66.3 (58-76)","30.1 (25-37)","32.3 (28-38)","62.4 (55-71)","27.4 (23-33)","21.3 (17-26)","48.8 (42-56)","32.6 (26-41)","22.7 (20-27)","55.2 (48-65)"
"Region 2","0.8 (0-3)","1 (0-3)","1.8 (0-5)","0.4 (0-2)","0.3 (0-2)","0.7 (0-3)","1.1 (0-3)","0.1 (0-1)","1.2 (0-3)","0.5 (0-2)","0.8 (0-3)","1.3 (0-4)","0.3 (0-2)","0.1 (0-1)","0.4 (0-2)","0.2 (0-2)","0.6 (0-2)","0.8 (0-3)","0.4 (0-2)","0.2 (0-2)","0.7 (0-3)","0.4 (0-2)","0.2 (0-1)","0.7 (0-3)","0.3 (0-2)","0.3 (0-2)","0.6 (0-2)","0.3 (0-2)","0.3 (0-2)","0.6 (0-2)"
"Region 3","1.3 (0-4)","1.5 (0-4)","2.8 (0-7)","0.9 (0-3)","0.8 (0-3)","1.7 (0-4)","0.5 (0-2)","0.6 (0-2)","1.1 (0-3)","0.7 (0-2)","1.3 (0-4)","2 (0-5)","0.7 (0-3)","1.1 (0-3)","1.8 (0-5)","1.1 (0-4)","1.4 (0-4)","2.5 (0-6)","1.1 (0-4)","0.7 (0-3)","1.8 (0-5)","0.8 (0-3)","0.4 (0-2)","1.2 (0-4)","0.7 (0-3)","0.4 (0-2)","1.1 (0-3)","1.1 (0-4)","0.8 (0-3)","2 (0-5)"
"Region 4","9.2 (7-12)","9 (6-12)","18.2 (14-23)","10 (7-14)","12.5 (10-16)","22.4 (18-27)","10.2 (7-14)","14.4 (12-17)","24.6 (20-29)","13 (10-17)","14.9 (12-19)","28 (23-33)","14.8 (12-18)","8.1 (5-11)","22.9 (18-28)","11 (8-15)","16.3 (13-20)","27.3 (22-32)","12.8 (10-16)","11.5 (9-14)","24.3 (21-28)","11.2 (9-15)","11.4 (9-14)","22.6 (19-27)","6.8 (5-10)","7.8 (6-10)","14.6 (11-19)","8.8 (6-12)","7.8 (6-10)","16.6 (13-21)"
"Region 5","34.4 (30-39)","30.9 (26-36)","65.3 (59-72)","39.2 (35-44)","30.6 (27-35)","69.7 (64-76)","22.3 (19-26)","29.9 (26-34)","52.2 (47-58)","27.6 (24-32)","26 (22-31)","53.5 (48-60)","21.7 (18-27)","43.1 (38-48)","64.8 (58-72)","33.5 (28-40)","30.2 (26-36)","63.6 (56-72)","22.4 (17-28)","15.8 (12-21)","38.2 (32-46)","17.3 (14-22)","20 (17-24)","37.4 (32-44)","19.1 (15-24)","12.7 (9-17)","31.9 (27-38)","21 (16-27)","13.8 (11-17)","34.8 (29-41)"
"Region 6","1 (0-3)","1.9 (0-5)","2.9 (0-7)","1.1 (0-3)","1 (0-3)","2 (0-5)","0.3 (0-2)","1.6 (1-3)","1.9 (1-4)","0.7 (0-3)","1.9 (1-4)","2.6 (1-6)","0.2 (0-2)","1.1 (0-4)","1.4 (0-4)","1 (0-3)","1.6 (1-3)","2.6 (1-5)","0.9 (0-3)","0.5 (0-2)","1.3 (0-4)","0.3 (0-2)","0.3 (0-2)","0.6 (0-3)","0.6 (0-3)","0.1 (0-1)","0.7 (0-3)","1.3 (0-4)","0 (0-1)","1.4 (0-4)"
"Sweden","154.6 (146-164)","179.9 (170-191)","334.5 (322-349)","157 (150-165)","162.1 (157-168)","319.1 (310-329)","142.5 (133-154)","148.8 (137-164)","291.3 (275-310)","166.9 (163-172)","186 (180-192)","352.9 (346-361)","169.6 (162-179)","192.1 (180-205)","361.7 (348-377)","187.6 (179-197)","227.1 (215-241)","414.7 (399-432)","202.7 (194-213)","218.6 (210-229)","421.4 (409-436)","193.5 (181-208)","188.4 (180-199)","381.9 (366-398)","167 (157-179)","183.5 (176-192)","350.5 (337-365)","183.1 (168-202)","187 (174-202)","370.1 (350-394)"
"Nordre","6.6 (3-11)","13.1 (9-18)","19.7 (14-26)","3.8 (1-7)","5 (2-9)","8.8 (5-14)","6.8 (3-11)","10.6 (6-16)","17.4 (11-24)","3.9 (2-7)","13.2 (10-17)","17.1 (13-21)","10.1 (7-14)","8.1 (5-12)","18.2 (13-24)","4.9 (2-9)","7.2 (3-12)","12.1 (7-18)","11.1 (8-15)","11 (8-16)","22 (17-28)","7.9 (4-13)","7.3 (4-11)","15.2 (10-21)","5.6 (2-11)","6.9 (4-10)","12.5 (7-18)","9.7 (4-17)","6.1 (3-11)","15.8 (9-24)"
"Jämtland","5.3 (2-9)","10.8 (7-16)","16.1 (11-22)","3.1 (1-6)","4.6 (2-8)","7.7 (4-12)","5.1 (2-9)","8.6 (5-13)","13.8 (9-20)","3.5 (1-6)","11.9 (9-15)","15.4 (11-20)","8.9 (6-12)","6.8 (4-11)","15.7 (11-21)","4.3 (2-8)","5.2 (2-10)","9.5 (5-15)","7.1 (4-11)","7.6 (5-11)","14.7 (10-20)","5.6 (2-10)","4.3 (2-7)","9.9 (6-15)","2.9 (0-7)","3.6 (2-6)","6.5 (3-11)","5.4 (1-11)","3.4 (1-7)","8.7 (3-15)"
"Västerbotten","0 (0-1)","0 (0-1)","0.1 (0-1)","0 (0-0)","0 (0-0)","0 (0-1)","0 (0-0)","0 (0-0)","0 (0-1)","0 (0-0)","0 (0-0)","0 (0-1)","0 (0-0)","0 (0-0)","0 (0-1)","0 (0-0)","0 (0-0)","0 (0-1)","0 (0-0)","0 (0-0)","0 (0-1)","0 (0-0)","0 (0-0)","0 (0-1)","0 (0-1)","0 (0-0)","0 (0-1)","0 (0-1)","0 (0-1)","0.1 (0-1)"
"Västernorrland","1.3 (0-4)","2.2 (1-5)","3.5 (1-7)","0.7 (0-3)","0.3 (0-2)","1.1 (0-3)","1.6 (0-4)","2 (0-5)","3.6 (0-8)","0.4 (0-2)","1.3 (0-4)","1.7 (0-4)","1.2 (0-4)","1.3 (0-4)","2.4 (0-6)","0.6 (0-3)","1.9 (0-5)","2.5 (0-6)","3.9 (2-6)","3.3 (2-6)","7.3 (5-11)","2.3 (0-5)","3 (1-6)","5.3 (2-9)","2.7 (1-5)","3.3 (2-5)","6 (4-9)","4.3 (2-8)","2.7 (1-6)","7 (4-12)"
"Midtre","143.1 (136-151)","155.8 (148-164)","298.9 (288-310)","147.8 (142-154)","141.7 (136-147)","289.5 (282-298)","129.7 (121-140)","131.1 (121-143)","260.8 (248-276)","152.2 (148-157)","162.5 (157-168)","314.6 (308-323)","142.6 (135-152)","167.2 (157-178)","309.8 (297-324)","161.7 (153-171)","192.4 (182-204)","354.1 (341-368)","159.4 (151-169)","165.2 (157-174)","324.5 (313-338)","151.8 (141-164)","137.1 (129-146)","288.9 (276-303)","124.1 (115-134)","137.4 (130-145)","261.5 (250-275)","140.2 (128-155)","139.7 (129-152)","279.8 (263-298)"
"Dalarna","38.2 (34-43)","42.6 (38-48)","80.8 (74-88)","28.9 (26-33)","35 (31-40)","63.9 (58-70)","27.8 (22-34)","28.7 (23-36)","56.6 (48-66)","35.8 (32-40)","35 (31-39)","70.8 (65-77)","33.2 (28-39)","36.8 (31-44)","69.9 (62-79)","39.1 (34-45)","40 (34-47)","79 (71-88)","36.7 (31-43)","24.7 (20-31)","61.5 (54-70)","29 (23-36)","24.6 (21-30)","53.6 (46-62)","20 (15-26)","18.8 (14-24)","38.8 (32-46)","22.1 (15-30)","20.1 (14-27)","42.2 (33-53)"
"Gävleborg","25.6 (22-30)","24.5 (20-29)","50 (44-56)","29.8 (27-33)","24.4 (21-28)","54.2 (50-59)","22 (18-27)","24.2 (19-30)","46.2 (39-54)","31.7 (29-35)","37.7 (35-41)","69.3 (65-74)","30.9 (27-35)","30 (26-34)","60.9 (56-67)","27.7 (24-32)","23.5 (20-28)","51.2 (46-57)","18.5 (15-22)","15.5 (12-19)","34.1 (29-39)","14.1 (10-19)","7.5 (5-11)","21.6 (17-27)","10.1 (7-14)","11.3 (9-15)","21.5 (17-26)","11.5 (8-16)","13.7 (10-18)","25.2 (20-32)"
"Örebro","18.4 (15-22)","20 (16-24)","38.4 (34-44)","19 (16-22)","15.8 (13-18)","34.8 (31-39)","14.2 (10-19)","21.3 (17-26)","35.4 (29-42)","21.8 (19-25)","26.8 (23-31)","48.7 (43-54)","18.5 (14-23)","28.3 (23-33)","46.8 (40-54)","20.3 (16-25)","35.4 (30-41)","55.8 (49-63)","20.8 (17-25)","31.9 (28-36)","52.7 (47-59)","25.6 (21-31)","31 (28-34)","56.5 (51-63)","23.6 (20-28)","32.2 (28-36)","55.8 (50-62)","25.3 (21-30)","34.3 (30-38)","59.6 (54-66)"
"Stockholm","2.9 (2-5)","0.9 (0-3)","3.8 (2-7)","3.1 (2-5)","1.8 (0-3)","5 (3-7)","1.1 (0-3)","1.1 (0-3)","2.2 (0-5)","0.8 (0-2)","3 (1-5)","3.8 (2-6)","3.2 (1-5)","5 (3-7)","8.2 (5-11)","2.9 (1-5)","4.3 (2-7)","7.2 (4-11)","4.8 (3-7)","2.7 (1-5)","7.6 (4-11)","2.2 (1-4)","1.6 (1-3)","3.8 (2-6)","0.5 (0-2)","3.1 (2-5)","3.6 (2-6)","2 (1-4)","2.2 (1-4)","4.2 (2-7)"
"Uppsala","3.9 (2-7)","4 (1-7)","7.9 (4-12)","5.3 (3-8)","3.8 (1-6)","9.1 (6-13)","3.2 (1-6)","3.4 (1-6)","6.6 (4-10)","3.2 (2-5)","1.9 (1-3)","5.2 (3-7)","3.8 (2-6)","4.3 (2-7)","8.2 (5-11)","3.8 (2-6)","9.1 (8-11)","12.8 (10-16)","4.2 (3-6)","3.4 (1-6)","7.6 (5-11)","3.6 (2-6)","6.5 (5-8)","10.1 (8-13)","4.7 (4-7)","5.9 (5-8)","10.6 (9-13)","8.6 (6-11)","9.4 (7-12)","18 (15-22)"
"Värmland","39.4 (35-44)","46.2 (41-51)","85.6 (79-93)","45.8 (41-51)","41.8 (38-46)","87.7 (82-94)","46.3 (40-53)","37.4 (32-43)","83.7 (76-92)","42 (38-46)","41.6 (37-46)","83.6 (78-89)","36.8 (31-43)","41.6 (35-49)","78.5 (70-88)","49.7 (42-57)","54.3 (48-61)","104 (94-114)","46 (40-52)","55 (50-60)","101 (94-109)","38.3 (32-45)","34.5 (30-40)","72.9 (65-81)","22.1 (17-28)","26.6 (22-32)","48.7 (41-57)","26.1 (20-34)","17.5 (12-24)","43.6 (35-54)"
"Västmanland","11.5 (10-14)","14.3 (12-17)","25.7 (22-30)","11.7 (10-14)","14.5 (12-17)","26.2 (23-30)","8.4 (5-12)","7.9 (5-12)","16.3 (12-21)","13.9 (11-17)","13.3 (10-17)","27.3 (23-32)","8.6 (5-12)","10.5 (7-15)","19.1 (14-25)","9.2 (6-12)","15.3 (11-20)","24.5 (19-30)","13.4 (11-17)","14.3 (12-18)","27.8 (24-32)","12.9 (10-16)","11.2 (9-14)","24.1 (20-28)","16.8 (14-20)","19.5 (16-23)","36.3 (32-41)","16.4 (13-20)","20 (16-24)","36.5 (31-42)"
"Västra Götaland","3.3 (1-7)","3.3 (0-7)","6.6 (2-12)","4.1 (2-7)","4.6 (2-7)","8.7 (5-13)","6.7 (4-10)","7 (4-11)","13.7 (9-19)","2.8 (1-5)","3.2 (1-6)","6 (3-9)","7.5 (4-11)","10.8 (7-15)","18.3 (13-24)","9.1 (6-13)","10.5 (7-15)","19.6 (15-25)","14.8 (12-19)","17.6 (14-22)","32.4 (27-38)","26.2 (23-30)","20.2 (17-24)","46.4 (42-52)","26.3 (23-31)","19.9 (17-24)","46.2 (41-52)","28 (25-32)","22.4 (19-27)","50.4 (45-56)"
"Søndre","4.9 (2-10)","11.1 (7-17)","16 (10-24)","5.4 (3-9)","15.4 (14-18)","20.8 (17-25)","6 (3-10)","7.1 (4-12)","13.1 (8-19)","10.9 (9-13)","10.3 (8-13)","21.2 (18-25)","16.9 (13-21)","16.8 (12-22)","33.7 (28-41)","20.9 (17-25)","27.6 (22-34)","48.5 (42-56)","32.3 (29-37)","42.5 (38-47)","74.8 (69-81)","33.8 (29-39)","43.9 (40-48)","77.8 (72-84)","37.3 (33-42)","39.3 (35-44)","76.6 (71-83)","33.3 (30-38)","41.2 (37-47)","74.5 (69-82)"
"Blekinge","0.1 (0-1)","1.2 (1-2)","1.4 (1-3)","0.1 (0-1)","0.1 (0-1)","0.2 (0-1)","0.1 (0-1)","0.1 (0-1)","0.2 (0-1)","0 (0-1)","0.1 (0-1)","0.1 (0-1)","0.1 (0-1)","0.1 (0-1)","0.2 (0-1)","0.2 (0-1)","0.2 (0-1)","0.4 (0-2)","0 (0-1)","0.1 (0-1)","0.1 (0-1)","0.1 (0-1)","0.3 (0-1)","0.4 (0-2)","0.2 (0-1)","0.2 (0-1)","0.4 (0-2)","0.1 (0-1)","0.2 (0-1)","0.3 (0-2)"
"Halland","0.3 (0-2)","0.2 (0-2)","0.5 (0-2)","0.2 (0-1)","0.1 (0-1)","0.3 (0-2)","0.1 (0-1)","0.2 (0-1)","0.4 (0-2)","0.1 (0-1)","0.1 (0-1)","0.2 (0-1)","1.1 (0-2)","0.3 (0-2)","1.4 (0-3)","0.2 (0-1)","0.5 (0-2)","0.7 (0-3)","0.2 (0-1)","1 (0-2)","1.2 (0-3)","1.2 (1-3)","1.3 (0-3)","2.5 (1-5)","1.6 (0-4)","1.9 (0-4)","3.5 (1-6)","1.1 (0-3)","1.2 (0-3)","2.3 (1-5)"
"Jönköping","0.6 (0-2)","1.1 (0-4)","1.7 (0-5)","0.3 (0-2)","0.2 (0-1)","0.5 (0-2)","0.4 (0-2)","0.5 (0-2)","0.9 (0-3)","0.1 (0-1)","1.1 (0-2)","1.2 (0-3)","0.8 (0-3)","1.9 (1-4)","2.8 (1-6)","3.3 (1-6)","4.3 (2-7)","7.6 (5-11)","6 (4-8)","8.1 (6-11)","14.1 (11-18)","5.2 (3-8)","5.5 (3-8)","10.7 (7-14)","6.4 (4-9)","5.4 (4-8)","11.9 (9-16)","8.5 (7-10)","7.1 (5-10)","15.5 (13-19)"
"Kalmar","0.3 (0-2)","0.7 (0-3)","1 (0-3)","0.1 (0-1)","0.9 (0-2)","1 (0-2)","0.2 (0-2)","1.2 (1-3)","1.5 (1-3)","0.1 (0-1)","0.6 (0-2)","0.7 (0-2)","0.2 (0-1)","1.5 (1-3)","1.7 (1-4)","0.5 (0-2)","0.8 (0-3)","1.3 (0-4)","0.4 (0-2)","0.4 (0-2)","0.8 (0-3)","0.7 (0-2)","0.7 (0-3)","1.4 (0-4)","0.7 (0-3)","1.1 (0-3)","1.8 (0-5)","1.3 (1-3)","0.5 (0-2)","1.9 (1-4)"
"Kronoberg","0.4 (0-2)","1.8 (1-4)","2.2 (1-5)","0.3 (0-2)","0.4 (0-2)","0.7 (0-3)","0.3 (0-2)","0.4 (0-2)","0.7 (0-3)","0.1 (0-1)","0.5 (0-2)","0.6 (0-2)","0.2 (0-1)","1.6 (1-3)","1.8 (1-4)","0.3 (0-2)","1.7 (1-4)","2 (1-4)","1 (0-2)","2.4 (1-4)","3.4 (2-5)","1.2 (0-3)","4.5 (3-7)","5.7 (3-8)","3.1 (2-5)","2.7 (1-5)","5.8 (3-9)","1.1 (0-3)","3.2 (1-6)","4.3 (1-8)"
"Östergötland","0.7 (0-3)","2.4 (1-5)","3.1 (1-6)","1.4 (1-3)","2.2 (2-3)","3.6 (3-6)","2.1 (1-4)","1.8 (1-4)","3.9 (2-7)","6.6 (6-8)","3.3 (3-4)","9.8 (9-12)","5 (4-7)","3.3 (2-6)","8.3 (6-12)","4.8 (3-7)","7.2 (5-10)","12 (9-16)","3.7 (2-6)","7 (6-9)","10.7 (9-14)","6.5 (5-9)","4.4 (3-7)","10.9 (8-14)","5 (3-8)","5.4 (4-8)","10.5 (8-14)","3.5 (2-6)","4.3 (3-7)","7.9 (5-11)"
"Skåne","0.7 (0-3)","1.9 (1-4)","2.7 (1-6)","0.4 (0-2)","2 (1-3)","2.3 (1-4)","0.3 (0-2)","0.4 (0-2)","0.6 (0-3)","0.2 (0-1)","0.2 (0-1)","0.4 (0-2)","1.3 (1-3)","1.5 (1-3)","2.7 (2-5)","2.4 (2-4)","2.8 (2-5)","5.2 (4-8)","6.2 (6-7)","6.3 (6-8)","12.5 (12-14)","6.5 (6-8)","11.8 (10-14)","18.3 (16-21)","7.4 (6-9)","8.1 (7-10)","15.4 (13-18)","5.7 (5-7)","8.6 (6-11)","14.2 (11-17)"
"Södermanland","1.8 (1-4)","1.7 (1-4)","3.5 (2-6)","2.6 (2-4)","9.6 (9-11)","12.2 (11-14)","2.5 (1-5)","2.5 (1-5)","5 (3-8)","3.6 (3-5)","4.4 (3-6)","8 (6-10)","8.2 (6-11)","6.6 (4-10)","14.8 (12-19)","9.2 (7-12)","10.2 (7-14)","19.4 (16-24)","14.8 (13-17)","17.2 (15-20)","32 (29-36)","12.4 (11-15)","15.4 (14-17)","27.8 (26-31)","12.8 (11-15)","14.5 (13-17)","27.3 (25-31)","12.1 (10-14)","16 (15-18)","28.1 (26-31)"
